,Appliances
RH_out,-0.1929460368335903
T2,0.15252122245903896
T6,0.14825866940897586
T_out,0.12403620480287716
RH_1,0.12261765458731731
RH_8,-0.11984329299963252
T3,0.1140795405126933
Windspeed,0.11278406993075374
RH_6,-0.10551188763104545
T1,0.07146048152278041
RH_7,-0.07050515835670734
RH_2,-0.06977839603754216
RH_9,-0.06303070287175194
RH_3,0.05303604528038428
T4,0.05281257232262055
T8,0.04900313598415035
Press_mm_hg,-0.04408764586153419
T7,0.032336344027504044
T5,0.022255288042042163
RH_4,0.021155589989858364
Tdewpoint,0.018099044865900638
T9,0.012131538220865955
Visibility,-0.0020300854068767368
RH_5,0.001822140447995987
